<?xml version="1.0" encoding="UTF-8"?>
<beans xmlns="http://www.springframework.org/schema/beans"
	xmlns:xsi="http://www.w3.org/2001/XMLSchema-instance" xmlns:context="http://www.springframework.org/schema/context"
	xmlns:aop="http://www.springframework.org/schema/aop" xmlns:mvc="http://www.springframework.org/schema/mvc"
	xsi:schemaLocation="  
		http://www.springframework.org/schema/mvc
        classpath:/org/springframework/web/servlet/config/spring-mvc-3.1.xsd
		http://www.springframework.org/schema/beans   
		classpath:/org/springframework/beans/factory/xml/spring-beans-3.0.xsd   
		http://www.springframework.org/schema/context   
		classpath:/org/springframework/context/config/spring-context-3.0.xsd  
		http://www.springframework.org/schema/aop   
		classpath:/org/springframework/aop/config/spring-aop-3.0.xsd">

	<!-- 使用默认的注解映射 -->
	<mvc:annotation-driven />


	<context:component-scan base-package="controller" />
	<context:component-scan base-package="indi.ucm.controller.rest" />

	<!--Spring3.1开始的注解 HandlerMapping -->
	<bean
		class="org.springframework.web.servlet.mvc.method.annotation.RequestMappingHandlerMapping" />
	<!--Spring3.1开始的注解 HandlerAdapter -->
	<bean
		class="org.springframework.web.servlet.mvc.method.annotation.RequestMappingHandlerAdapter" />

	<bean id="viewResolver"
		class="org.springframework.web.servlet.view.InternalResourceViewResolver">
		<property name="prefix" value="/WEB-INF/jsp/" />
		<property name="suffix" value=".jsp" />
	</bean>

	<bean
		class="org.springframework.web.servlet.mvc.annotation.AnnotationMethodHandlerAdapter">
		<property name="messageConverters">
			<list>
				<ref bean="mappingJacksonHttpMessageConverter" />
			</list>
		</property>
	</bean>

	<bean id="mappingJacksonHttpMessageConverter"
		class="org.springframework.http.converter.json.MappingJackson2HttpMessageConverter">
		<property name="supportedMediaTypes">
			<list>
				<value>text/html;charset=UTF-8</value>
				<value>application/json;charset=UTF-8</value>
			</list>
		</property>
	</bean>

	<mvc:interceptors>
		<!-- 使用bean定义一个Interceptor，直接定义在mvc:interceptors根下面的Interceptor将拦截所有的请求 -->
		<bean class="indi.ucm.security.common.CORSInterceptor" />
	</mvc:interceptors>

</beans>